{
  "_generated": "Generated by SweetTooth, do not edit",
  "description": "Arrange workspaces in a two dimensional grid with workspace thumbnails.",
  "gettext-domain": "wsmatrix",
  "keybindings-schema": "org.gnome.shell.extensions.wsmatrix-keybindings",
  "name": "Workspace Matrix",
  "settings-schema": "org.gnome.shell.extensions.wsmatrix-settings",
  "shell-version": [
    "3.36"
  ],
  "url": "https://github.com/mzur/gnome-shell-wsmatrix",
  "uuid": "wsmatrix@martin.zurowietz.de",
  "version": 18
}